Row Labels,Count of user_session,Sum of price
sunday,35,10733.5
aardwolf,1,84.43
abk,3,34.68
abtoys,20,700.24
academie,2,23.73
a-case,184,1400.34
accumaster,1,97.49
acd,1,6.71
acebeam,1,122.27
acer,10719,6427846.37
aces,9,1647.39
achilles,31,1793.17
acm,11,312.35
acme,341,17551.1
acqua,4,16.24
acron,2,28.26
activision,82,4407.78
acuvue,61,1431.79
acv,18,1411.77
adam,4,2357.84
adamas,5,656.98
adamex,195,76632.26
adata,117,11128.98
addlink,2,11.78
adelline,18,620.89
a-derma,10,114.68
adidas,747,67848.21
adil,261,28715.51
adile,60,4217.6
admira,36,6232.12
adriatica,127,32654.99
advan,8,3783.9
aeg,73,4949.46
a-elita,5,236.82
aeolus,44,11848.94
aero,104,46898.98
aerocool,713,52850.83
aeroforce,1150,165327
aerosystem,14,24144.37
afnan,58,2887.44
afox,17,2436.97
ag,10,903.48
agatharuizdelaprada,4,183.79
agl,178,20389.9
agness,175,5822.43
agu,14,1067.12
aiken,3,526.12
aileron,6,204.38
aimoto,599,32616.63
air-cool,30,490.83
airline,35,1237.33
airmax,2,55.94
airwheel,27,8932.4
aivengo,64,2344.29
akai,65,6683.41
akel,3,208.5
akg,27,5149.13
akom,243,17853.59
akpo,68,9919.24
aksion,1,76.42
akvaton,133,31255.18
alaia,4,280.06
alavann,2,205.96
alca,32,1351.32
alcasta,123,25122.83
alcon,40,752.24
alctron,11,1431.7
aldit,1,1472.37
alerana,12,95.13
alesis,281,68775.97
alex,4,2210.6
alexandre.j,4,480.08
alexika,10,3111.54
alfa,1,38.61
algotherm,12,888.04
alilo,10,511.18
alinex,5,26.96
alis,320,34617.43
al-ko,17,3733.22
alkor,67,48084.86
alligator,62,2522.04
allocacoc,7,65.83
allvega,10,1151.38
almacom,679,103012.06
almada,5,838.4
alphaline,11,949.06
alphard,573,57314.33
alpicool,31,20588.02
alpika,10,1656.46
alpina,122,26281.84
alpine,965,217422.57
alser,34,27383.46
altacto,1,4.65
altair,20,2204.23
alteco,1288,76315.61
altenzo,33,2090.21
alterna,3,189.29
altinbasak,17,600.24
alutec,73,61241.8
alvarez,1,236.81
alvitek,113,4159.37
am.pm,38,18968.25
amalbooks,6,65.6
amarobaby,3,185.33
amazon,158,33851.48
ambition,24,362.72
amd,450,88811.36
amefa,5,24.32
a-mega,14,1139.17
amf,1,323.81
amico,2,81.22
amigami,1,7.18
amos,7,2092.63
amouage,40,14831.32
ampeg,2,391.26
ams,86,18994.03
amtel,25,940.45
anesi,5,84.3
anex,86,54343.51
annaanna,25,833.14
anon,19,1671.83
anreks,1,128.68
anskin,8,46.32
ansmann,100,2635.45
ant,9,2270.34
anta,16,1435.92
antika,20,1737.51
anytek,208,17113.15
aoc,170,44822.36
aoki,5,692.3
aorus,4,1871.89
aoteli,89,4373.57
apacer,415,16348.82
apache,49,14313.43
apart,3,474.74
apc,15,4165.43
apex,8,467.37
aplus,59,3555.83
apollo,135,2138.16
apple,101278,84270038.29
appollo,72,14996.93
aqua,360,12681.29
aqualife,1,111.3
aquamarine,274,6777.15
aquanet,1,133.59
aquapick,44,3396.8
aquatic,11,494.89
aquavis,9,2451.04
aquilon,1,399.21
ara,26,2606.98
ardahali,23,7281.79
ardell,4,129.22
ardesia,12,9419.09
ardoni,1,177.61
arena,50,5958.9
arg,998,128927.56
aria,21,3286.5
ariete,33,8346.79
ariston,1655,254380.76
ark,2,154.44
arkadia,12,534.88
armani,369,95548.17
armos,11,3666.74
arms,2,585
arnica,514,84950.05
arpenaz,22,260.18
arrivo,26,2357.29
arsi,43,2220.19
artel,8352,1461575.28
artiny,1,105.54
artmusical,336,69646.12
arturia,4,1375.64
art-visage,33,113.53
artway,2,172.46
arua,286,13259.25
arwanan,1,179.48
asel,687,41020.46
asics,322,20373.64
askona,551,133687.81
asm,5,4259.5
asrock,455,71127.1
ast,1,7.23
aston,24,285.77
astrid,1,33.18
asus,5424,3357459.84
asustor,2,854.51
atelier,4,100.91
ateliero,1,21.24
aten,1,42.35
atlant,2059,549081.46
atlantic,297,55315.07
atomic,8,1892.6
atrai,10,1196.9
ats,27,25520.51
attribute,12,393.35
audac,7,602.19
audio-technica,86,8664.45
audison,106,78011.15
aurora,30,1314.05
ausini,39,563.53
author,41,14354.3
autojet,3,154.44
autoline,20,5083.85
autopower,6,630.52
autoprofi,127,5341.14
autovirazh,17,1207.43
aux,2,1227.3
ava,131,11007.67
avalon,271,145437.75
avaloncarpet,1,119.8
avatar,169,15051.93
avel,24,2553.44
avene,46,635.09
avengers,1,42.99
avermedia,1,91.51
avina,1,190.59
avis,15,2066.95
avizor,15,85.73
avs,9,649.27
awei,211,3490.57
axis,419,54601.65
axper,168,13805.71
azbuka,1,7.14
azzaro,21,1156.59
babolat,9,749.56
baboo,11,282.81
babor,34,1685.01
babybotte,63,2119.95
babygo,22,1660.25
babyhit,17,1465.08
babykiss,57,12471.6
babyliss,678,42548.03
babylisspro,37,2193.05
babylock,28,40613.43
babymoov,8,1153.2
babyono,10,315.28
babys,26,1129.67
babyswing,2,164.74
babytime,340,20702
babywood,10,3477.3
babyzen,129,68362.47
babyzz,36,7808.64
baden,3162,220081.98
bafang,52,79476.99
baige,18,23166.54
bair,1,154.44
bakugan,1,129.96
baldessarini,8,472.25
ballarini,19,823.39
ballistix,3,401.35
ballu,582,32733.52
balmain,14,5487.88
balta,388,26971.27
baltekstil,31,6085.9
balterio,3,40.17
bambi,9,1107.36
bambini,33,3847.91
bambola,212,10987.13
bamboo,1,89.06
banbao,8,122.39
baratto,40,2683.73
barbie,149,7107.05
bardahl,166,4396.09
barer,5,22.61
barneo,105,7459.36
barokko,30,390.57
bars,675,43870.83
barty,16,915.92
basaran,5,157.66
basharan,14,6226.68
basic,29,12582.71
basik,45,994.2
batiste,1,9.01
battipav,22,5536.75
baudet,8,745.84
bauer,96,5371.69
bayer,2,51.42
bazhou,10,4366.42
bbk,62,4411.64
bburago,64,1667.33
beaba,1,46.18
beanzeez,1,15.7
beats,130,28780.72
beautycreations,5,33.73
becker,8,7603.8
beeline,22,1257.96
behringer,33,9312.69
beijing,4,301.68
beisier,2,95.24
beko,5430,1427991.07
bel,3,24.09
bela,13,170.41
belashoff,130,5086.6
belcat,6,849.44
belecoo,1027,129373.17
belkin,7,99.68
bellamebel,20,20584.4
belletti,1,113.85
bene,371,6248.25
benebaby,32,3286.72
benq,4,1267.08
berber,4,57.91
bergauf,3,17.9
berger,2,394.02
berghoff,400,32366.14
bergner,189,7736.12
berkley,6,89.44
berkut,80,18643.88
berlingerhaus,19,729.54
bernina,189,151566.84
bertoni,237,15471.82
besafe,4,848.15
bessey,4,103.75
bestlife,5,98.05
bestoy,159,9642.17
bestway,544,103714.16
besty,59,942.74
bethesda,40,1078.1
betsy,69,3088.05
beurer,16,840.02
beyblade,2,51.42
beyerdynamic,30,4233.18
beyonce,3,70.89
beyond,78,1033.14
bfgoodrich,356,43702.09
bfz,5,223.85
bibalina,2,34.5
biema,10,8110.89
biemmedue,2,338.92
bigben,1,59.18
billi,2,16.42
binatone,4,564.22
bioderma,116,1779.83
biolane,3,16.86
biomecanics,45,2675.68
bio-oil,5,68.67
biostar,22,1121.36
biotech,48,2769.72
biovea,5,102.3
birusa,1,122.44
bisou,8,27.53
bissell,18,5952.78
biwec,33,6923.72
bkf,4,1384.64
blackberry,92,29206.41
blackdecker,4,168.2
blackmores,4,117.28
blackvue,46,20925.11
blam,22,4635.37
blanco,22,5176.59
blaupunkt,164,42513.43
blenderbottle,8,184.98
blg,2,3083.74
bloomsbury,1,15.39
bluedio,9,589.37
blueseven,13,688.83
bluesonic,10,671.82
blumarine,5,152.94
blw,1,22.66
bmw,10,1415.5
boccia,283,86499.27
bochetti,25,2975.18
bodysculpture,1,150.58
body-solid,6,3512.04
bohemia,114,34285.36
bohemian,2,180.7
bombbar,11,251.06
bombcat,2,26.36
bomberg,6,7413.32
bompani,3,1239.14
bona,5,440.56
boneco,55,9453.86
bonita,4,35.52
bonvini,2,2162.22
borasco,6,33.48
bork,108,57291.04
bosch,13761,3529939.55
bose,103,41008.88
bosher,111,32491.11
boss,1,267.7
bot,10,44.54
botas,22,1752.42
boto,11,1126.91
boucheron,3,168.42
bouncin,1,41.19
bourjois,90,972.04
bovidix,106,1612.57
boyscout,160,1227.14
bozhi,1,9.27
bq,1394,76765.18
bra,4,409.8
bradex,35,1346.86
brahner,13,1366.78
brateck,76,2376.05
braumauto,2,191.97
braun,2365,248440.23
bravat,15,2152.6
bravis,15,304.07
bravo,172,3076.44
breezeboat,15,1882.8
bresser,34,9403.84
brevi,16,2603.39
bridgestone,1078,128389.23
brita,2,30.84
britop,1,30.89
brizoll,18,480.45
bro,12,743.2
broomer,120,47672
brother,299,73712.51
bruder,242,11571.48
brumer,12,1698.84
brw,4231,1059511.97
bsn,97,4634.47
bts,2852,805294.85
buderus,56,54194.29
bueno,1,41.19
buffalo,3,1398.72
bugaboo,10,6743.5
bugati,28,6749.26
bugatti,21,1466.98
buggy,37,11827.9
bulgari,135,9645.7
bulova,3,2032.47
bumbleride,67,28893.54
burberry,37,2520.8
burgerschuhe,441,43857.84
burton,41,9469.7
bushnell,44,9177.98
bws,6,216.24
bwt,2,33.94
byintek,65,12374.49
byredo,17,4037.17
cablexpert,83,2359.02
cacharel,39,1487.33
cadillac,1,60.95
cafemimi,15,35.14
cailyn,8,244.79
caiman,1,959.1
calgaro,8,11542.12
callida,1,33.41
calligrata,5,277.85
calorie,60,1827.07
calve,35,981.58
calvinklein,1,128.7
calypso,3,131.27
cam,16,4940.17
camelion,1,6.24
cameo,6,1539.72
cameron,8,2891.68
campinggaz,1,257.38
camptown,2,730.82
camshel,1,59.2
candide,10,768.98
candy,849,277019.89
cannondale,41,41830.85
canon,1804,1180406.8
canton,1,366.06
cantra,1227,105228.73
canyon,768,33025.75
capcom,26,1332.23
capella,6,1312.8
caprice,165,11881.62
caramelia,406,14382.58
caraya,4,442.74
carcam,2,506.38
carfashion,1041,73839.82
carhome,1,16.99
carlsbad,200,54746.31
carlsbro,1,669.26
carmani,1,22.21
carpet,1,3.33
carpisa,16,833.56
carrera,2,483.41
cars,3,83.43
carters,231,6318
cartier,87,145096.85
carver,127,27330.96
carwel,31,6556.57
casamorati,2,566.3
casela,2,71.66
casio,6298,792171.37
casper,169,18756.77
castorland,12,80.88
castrol,85,2579.75
cata,15,4200.92
catunltd,45,3006.86
cavaletto,66,9024.65
cavanova,2,3036.35
cayee,4,77.11
cayin,7,1968.81
ccm,32,7151.76
celestron,48,7894.66
celine,1,537.72
cellio,32,1007.05
cellucor,2,76.97
cenmax,263,17575.74
centara,23,1177.88
centurion,193,17692.08
cerruti,3,116.68
cersanit,141,15750.69
certina,108,62101.88
cettua,8,23.55
cezaris,18,2796.5
chairman,12,2997.37
chameleon,100,4851.34
champion,3,486.49
chanel,467,82525.44
changerobot,9,370.44
changhong,435,92157.8
char-broil,11,4650.21
chariots,1,19.8
chayka,475,48338.98
chic,1,220.45
chicco,999,119711.31
chieftec,3,228.81
chigo,8,5379.14
childhome,10,2502.02
chilok,5,221.74
ching-ching,9,979.7
chloe,52,4015.47
chopard,13,6126.28
christina,30,870.97
chub,1,38.61
chuggington,4,195.62
ciaobimbi,1,51.48
cifyurm,6,139.02
cinemood,4,1626.8
circle,5,1263.88
citizen,62,16157.15
cityrover,2,488.56
cityup,31,1683.61
clarion,65,5272.72
classen,12,373.63
clasy,3,227.82
clatronic,232,14590.35
clever,6,28.37
cliff,11,3114.65
climadiff,5,12623.85
cmi,19,5082.92
cmt,1,483.01
cnd,71,7871.72
coballe,171,12081.26
cobi,24,876.1
cobra,19,4149.63
coccinelle,35,7799.65
cocochoco,3,46.59
codemasters,6,208.5
coleman,76,30023.39
colgate,17,244.63
collistar,72,2208.55
coloma,1,33.72
colombo,34,1507.99
colorfix,8,78.21
colorful,10,1250.48
colourpop,3,97.82
comfee,34,3858.17
comforser,445,27133.26
comfort,7,104.46
comma,10,129.22
compasal,22,872.58
compliment,5,8.25
complimenti,1,4.5
concept,4,47.88
conceptclub,134,5937.21
condtrol,24,3992.19
confetti,179,1536.28
constancy,1,263.84
continent,198,3688.44
continental,678,84323.65
converse,21,1164.24
coolermaster,2,194.58
coolfort,165,11784.34
coopervision,30,916.66
cordiant,8961,432278.31
corpus,2,20.35
corsair,16,1768.65
cort,132,31791.61
cortland,353,35468.89
coty,41,601.47
cougar,82,7474.91
covani,82,8923.65
cover,285,58039.53
cowon,5,908.57
cralusso,7,56.1
crane,18,1731.38
crea,1,129.74
creature,2,48.8
creed,370,87826.76
creo,1,86.64
creoceramique,1,118.57
crescina,2,606.96
crest,2,17.34
crockid,257,1738.13
crona,32,2256.48
crosby,139,5898.33
crossstreet,1,180.18
crown,1879,101543.01
crucial,130,9349.41
crunch,6,494.22
crusader,1,200.78
csmedica,1,30.73
cube,92,82694.08
cubicfun,17,178.99
cullmann,10,732.33
cvgaudio,1,75.33
cybermass,1,16.86
cyberpower,10,375.15
cybex,246,119140.7
dab,1,436.68
daesung,6,272.6
daewoo,86,62419.24
daewooelectronics,1,81.08
dahon,23,9507.76
daisy,33,5387.74
daiwa,27,2615.27
dam,115,5077.45
damask,2,139
damper,2,132.71
danau,1,770.64
daneildesch,1,141.57
danielklein,32,1112.25
danke,49,16902.55
dardav,13,3925.48
darina,322,53283.71
dariush,2,193.05
dauscher,6987,1484132.55
davidoff,14,501.83
davita,10,2440.23
daye,2,13.84
dayun,64,81875.84
dbpower,12,800.04
d-clinic,17,504.76
dds,28,6449.8
dearest,1,46.33
decocode,7,87.57
decoroom,183,4799.6
deepcool,346,9216.9
deeper,58,16186.52
deerma,15,331.65
deestone,4,1249.7
defalucy,2,13.9
defender,977,11904.7
defredesign,2,1029.12
dekok,9,158.1
dell,906,806943.98
delmax,101,5244
delonghi,1017,457457.75
delsey,88,9202.43
delta,11,766.09
delux,235,3693.44
deluxe,232,8188.38
demark,10,205.9
demiray,36,3817.08
dendy,1,25.71
denn,93,2776.59
denon,1,505.02
denzel,454,123043.96
deppa,3,77.14
dermacol,175,1508.77
derspur,4,204.88
desatoekorolevstvo,2,33.42
desigual,7,219.8
destra,46,1551.13
deta,41,4914.51
detomaso,1,203.35
deton,1,463.73
deuter,3,723.06
devente,1,55.09
devos,25,1362.68
dewalt,1332,364408.46
dfc,20,3632.56
diamant,217,32645.39
diamond,13,478.14
diamondunion,14,2255.15
dickie,7,179.26
didistyle,5,177.35
diesel,97,27859.09
dilis,2,20.6
dinastia,9,1242.24
dion,258,7666.47
dior,428,58697.48
dirkje,83,2761.69
disney,151,2107.02
ditreex,5,183.02
divalux,38,30734.26
dji,461,437191.93
dk,58,15861.89
dkny,104,15742.6
d-link,156,4687.74
dls,29,4198.45
dobrusskijfarforovyjzavod,14,1313.94
doff,3,211.08
doliva,14,150.51
domani-spa,80,15138.71
domasnijocag,9,161.91
domcraft,23,301.99
domenik,15,201.41
dometic,188,66872.08
domini,368,63571.72
domyos,51,8471.14
dongma,12,2776.92
doogee,475,58883.92
doohan,76,82887.88
dopdrops,4,72.08
doubleeagle,1,64.33
doupro,2,576.6
dowontec,2,823.7
dox,34,221.52
dr.jart,2,51.42
dreammachines,2,3603.64
dreamwave,5,475.18
dremel,35,2963.21
drjart,11,374.26
dsland,39,22388.58
dsp,5,157.01
dsppa,14,875.16
dsquared,3,559.86
dub,30,195.28
ducray,15,245.32
dulevskijfarfor,9,992.73
dunavox,3,3012.52
dune,12,4553.68
dunhill,23,1805.01
dunlop,317,28932.66
dunu,2,117.59
dunya,7,132
duo,19,251.51
dwt,389,27272.31
dxracer,347,101796.13
dyflon,2,51.42
dymatize,43,2417.13
dynacord,5,6971.08
dynamic,15,1509.67
dyson,458,242376.83
ea,379,27608.14
easycamp,3,87.27
easylink,2,44.58
easywalker,25,8677.48
e-blue,18,11633.24
eco,40,1218.26
ecocool,110,11379.68
ecolab,23,105.68
ecolight,17,243.08
ecoterm,8,281.4
ecotex,77,958.68
ecs,1,71.82
edcon,6,463.34
edelform,1,115.27
edge,397,59261.47
edifier,60,10458.49
edon,153,6189.14
edox,54,45606.58
educo,2,48.86
edufun,215,23902.94
efremov,406,57346.23
eger,3,269.51
egg,8,2251.78
egger,3,53.87
egreat,9,3378.51
ehome,7,75.55
einhell,98,17704.34
elan,30,7567.77
elari,1517,85719.79
elaud,5,69.07
elco,22,504.02
electrolux,1743,778313.71
electronicarts,2,179.7
electronicsdeluxe,14,2697.78
electro-voice,67,90849.91
elegant,26,325.4
elektrostandard,5,189.97
element,100,12381.86
elenberg,6168,324420.88
elf,38,899.41
elica,13,3579.29
elikor,118,11141.44
elite,7,220.58
elitech,6,759.94
elizavecca,98,1284.47
elna,55,19638.68
eltempo,1,70.01
eltex,1,67.44
eltreco,76,49885.64
elysium,363,4102.56
emal,2,145.14
embawood,27,23720.22
embryolisse,63,3137.92
emer,5,1994.9
emsa,100,4182.8
enchantimals,1,48.88
energenie,2,35.98
energizer,41,2963.77
energysistem,1,125.95
enermax,7,391.01
engenius,3,2597.13
enough,19,100.16
envision,13,1698.17
enya,3,769.64
epiphone,2,442.74
epr,245,96707.89
epson,1593,436738.73
era,1,11.86
erbis,6,579.69
erdenet,41,10342.66
ergo,137,36299.07
ergolux,2,12.08
erismann,5,79.91
erisson,36,1297.44
erkaplan,148,33918.88
erlit,518,152532.51
ersport,101,12077.49
escada,34,2070.87
escan,310,14140.7
esko,1,144.66
espiro,1,151.56
esse,7,560.24
essence,3,8.5
estap,3,467.24
estel,7,36.54
estomoda,5,334.65
etalon,22,741.35
etaltech,2,827.11
etor,516,55394.35
etro,6,1695.01
e-twow,28,20429.12
eurogold,10,77
eurolight,7,45.23
eurolux,517,46325.9
europrint,8,86.96
eurosvet,6,444.28
evamosaic,2,5.78
eveline,3,5.41
everflo,2,195.62
evga,12,15547
evgo,4,427.2
eviza,38,4685.98
evrodetal,3,904.02
ewa,2,48.9
exide,57,4312.59
expression,1,14.31
expromt,9,57.26
ezetil,111,48538.94
faans,1,37.03
faber,1,138.54
fabretti,169,4059.31
face,1,14.16
fais,1,85.46
falken,5,203.35
falmec,1,383.32
fancy,24,392.29
fanline,43,7613.22
fantasia,13,4330.96
fant-mebel,10,2828.9
fanzon,1,7.14
farcar,19,8352.84
farmavita,25,792.99
farmstay,5,40.03
farroad,172,11100.99
fassen,733,33052.74
favourite,4,259.98
febest,300,6137.43
felisatti,3,693.33
fender,357,143498.58
fendi,6,245.44
fengnix,7,1063.09
fenix,85,12111.31
feron,8,20.02
ferrari,5,382.48
ferre,2,228.74
ferrino,66,16049.3
festina,1,82.63
festool,31,25037.14
fibos,2,513.78
fidan,2,62.78
fiesta,48,5779.19
fiio,35,3968.03
fila,331,34449.99
finezza,13,268.58
finish,23,498.73
firepower,15,114.12
firestone,47,13384.66
firman,51,31804.07
first,100,3103.62
fischer,10,429.13
fisher,83,28090.14
fisherman,24,883.24
fisherprice,6,201.53
fisher-price,85,3784.2
fissler,8,2981.87
fissman,34,2373.14
fit,8,365.02
fitbit,72,12971.52
fitchbaby,10,499.12
fitlux,71,103834.04
fitrider,5,2379.75
fit-rx,9,118.16
fitwell,1,113.49
fivestars,6,139.01
fixsen,3,492.3
flama,406,58363.39
flambeau,27,2802.27
flashpoint,8,203.84
flavia,19,6183.81
fleet,2,52.76
flexter,7,630.63
fli,32,4530.24
flight,151,10513.72
floralis,1,2.45
florentina,10,1379.77
floresan,2,8.15
flormar,11,76.94
fly,545,187901.24
focal,105,25180.8
foligain,5,140.95
fondital,16,34824.67
force,4155,642555.01
forcekraft,86,7927.54
ford,2,132.51
forlux,16,1313.97
forminabanyo,1,286.17
fornelli,20,6031.18
forsage,7,708.38
fortnite,6,275.8
forward,95,9626.55
forza,30,9098.99
fossil,228,44185.1
fostex,4,585.15
fotomate,1,167.31
fotorama,3,89.69
fox,4,37.08
framesi,16,631.04
franke,37,12952.81
freedom,1,19.82
freefeet,3,1108.65
freeway,7,178.36
fresh,5,603.6
freya,1,31.76
frozen,22,609.2
fsd,2,61.78
fubag,219,92154.34
fuel,3,4710.55
fujida,56,4837.92
fujifilm,218,35032.74
funville,9,207.18
futura,5,257.06
gabriella,1,108.1
ga-de,74,1205.32
gaga,12,356.62
gaint,7,3061.33
gainward,42,15586.03
galacticos,6,29.08
galanz,80,5459.94
galaxy,1477,39893
gamdias,26,3311.67
gamemax,60,9502.33
gamma,86,4245.4
garant,8,30.93
garanterm,69,6739.18
gardena,31,5672.72
garmin,1713,1297748.16
garnier,59,201.36
garrett,164,116459.54
garvalin,154,9885.02
gauss,7,47.36
gazpromneft,109,1244.76
g-cube,8,122.05
gedore,7,404.66
gefest,1555,312791.95
gehwol,17,298.39
geil,215,12892.07
geitaran,9,1036.06
gelflex,22,368.06
gembird,45,440.12
gemei,36,786.35
gemsy,1,621.3
genau,213,65816.83
genebre,15,2937.88
genesis,272,14663.65
geneticlabnutrition,7,112.23
genius,111,2317.59
genki,14,180.2
genlog,31,8014.04
geoffanderson,1,44.4
gerat,1075,53248.8
gerber,58,3538.44
gerbor,12,2267.28
gerdamix,3,229.86
gesso,7,387.1
gewa,49,5615.32
gezatone,121,8212.89
gf,206,136996.54
giant,349,401885.64
gigabyte,939,238197.42
gigawatt,110,10565.26
gigazone,4,39.28
gimi,33,730.48
ginzza,1,128.68
gionee,95,9700.85
giornonotte,30,20440.82
gipfel,361,30746.34
gislaved,280,23388.39
giti,1,90.09
givenchy,163,17333.65
gk,3,63.72
gkhair,90,3750.9
gladen,7,1386.13
glam-forever,2,43.24
glamglow,56,2706.91
glamvers,15,2241.97
global,33,237.6
globber,34,3965.76
globex,4,298.48
globo,2,200.78
glory,4,380.86
goalzero,6,1117
goform,49,3179.27
golf,1,12.88
goliath,5,130.32
gonher,1,25.71
goo.n,26,418.15
goodgrill,4,192.59
goodloot,36,563.32
goodram,3,250.48
goodride,322,15732.02
goodyear,979,113570.9
google,381,285523.96
gopro,316,133746.46
gorenje,1310,266075.39
gornica,1,43.75
gosh,139,2253.39
go-sport,3,117.39
gourmet,3,61.77
gr,1,288.3
gracecole,12,281.82
graco,18,2727.2
graff,4,212.36
graffiti,29,2105.23
granhel,521,57866.26
granicom,11,683.66
gran-stone,79,5441.85
grape,83,3544.67
graphite,23,2516.77
graphiteleader,4,760.28
gree,100,39225
greenbike,40,47003.74
greenland,1,10.77
greenpan,2,120.16
greenpro,12,1186.34
greentek,52,1330.94
greentree,15,1930.2
greenway,21,1320.82
greenworks,2,1286.16
greta,125,19132.74
gretsch,15,7126.71
greyder,674,61523.4
greys,4,557.02
grillver,83,14136.69
grinda,2,364.6
grizzly,2,153.58
grohe,126,71041.56
gross,92,7234.01
grow-with-me,56,2003.67
gt,30,12525.43
guangwei,32,419.91
gucci,201,26470.52
guerisson,16,228.84
guerlain,81,9664.41
gulliver,164,3929.07
gutrend,1,166
guzzini,5,86.76
gys,2,286.76
habilead,239,14481.73
hada,1,24.32
haday,2,56.62
haier,4613,1511118.7
hairdorables,1,28.29
haken,4,71.32
halei,25,356.49
halmar,28,8011.37
hama,5,90.84
hammer,30,1293.72
handwers,50,1335.15
hangzhoujindingimportexportcoltd,1,27.34
hankook,529,47895.7
hanlu,1,18.02
hanma,25,8623.25
hanowa,30,5516.23
hansa,2237,638573.9
hap-p-kid,5,337.3
harleybaby,1,280.32
harley-davidson,174,40937.55
haro,74,23534.97
harp,4,3693.28
harper,875,40705.86
harpercollins,1,13.51
hartan,5,9009.1
hartung,1,372.31
hasbro,341,12646.2
hauck,6,1280.35
hausmann,95,2194.54
havit,35,1664.87
hb,113,3832.28
head,41,4691.41
headrush,1,359.87
heco,1,505.02
heinola,1,118.41
heinz,1,1.08
helfer,18,1559.93
helios,11,741.43
hellion,4,239.4
helvetia,70,82929.6
helvi,4,715.15
henglei,6,217.83
hercules,1,54.06
herman,2,1510.37
hermes,8,1364.52
hertz,537,92131.81
heyner,41,4069.57
hgst,1,138.97
hifiman,3,580.02
hifly,335,20453.29
higashi,7,1133.77
hilo,44,1850.56
hilti,8,2166.24
hintek,3,310.72
hiper,104,2621.07
hisense,174,110948.23
hitachi,128,92249.38
hitechnic,18,554.95
hobot,24,12905.63
hoco,375,6208.77
hola,1,26.13
holder,19,335.78
holiday,26,4080.25
homage,9,979.44
homeart,27,334.78
homy,17,472.6
honda,35,59100.65
honor,2188,600148.42
hoover,115,12265.39
hori,7,1027.08
horizont,432,68176.85
hotmom,7,2809.62
hotner,3,1873.41
hotpoint-ariston,305,113005.33
hottek,17,267.64
housefit,515,158012.89
household,2,123.56
hp,7534,3714160.39
hpe,11,8010.34
hq,5,192.92
hre,2,1441.48
htc,125,29724.7
huanger,52,1416.74
huawang,5,17.49
huawei,27610,7311606.73
hubeiindustrialaimiletrading,1,87.52
hubert,546,273189.02
huggies,253,3197.52
huile,12,328.65
huion,162,31254.97
humana,16,117.48
hummer,1,27.71
humminbird,16,12181.55
hunter,3,103.4
huntkey,87,8697.46
huntsman,2,53.1
husky,4,1212.65
husqvarna,16,6747.54
huter,2013,376653.99
hycell,10,145.23
hygge,126,80563.44
hyper,7,539.11
hyperx,466,44661.79
hyundai,327,47707.73
ibaby,20,2731.9
i-baby,24,657.21
ibanez,11,3658.77
ibili,13,265.58
ibox,968,76781.9
iconbit,4,37.08
id-cooling,107,4179.62
iddis,12,909.13
ideal,7,53.9
iek,4,37.64
ifree,3,710.43
iiyama,31,6486.81
ikea,509,10688.21
ikkm,1,398.98
ilife,55,14310.54
illumico,16,1114.96
imax,6,356.54
imetec,4,123.45
imperia,216,211224.24
imperial,835,390277.8
impex,5,755.24
imx,140,35687.72
incanto,588,99303.45
incar,57,8213.69
indesit,7158,1833845.81
indiana,4,201.8
indigo,9,855.98
infinity,109,11101.39
infinitynado,1,62.55
info,22,4583.84
ingersoll,3,327.93
inglesina,52,17417.92
inhouse,89,1412.3
inkax,49,243.6
inmotion,2,1239.16
inoi,512,24599.65
insight,3,43.76
insinse,5,143.11
inspector,93,18599.16
instyle,1,3.6
intego,122,14081.94
intel,783,285822.88
interbaget,3,97.68
internedoors,45,7675.25
interos,2,133.51
intex,552,62011.16
intro,38,520.15
ipipoo,5,109.4
ipower,9,45.73
iqmarketing,2,74.08
irbis,430,34312.01
irest,3,285.63
irit,2,65.42
iriver,3,522.42
irobot,148,113006.27
isntree,17,337.72
italtrike,3,204.63
iunik,1,18.53
ivaru,2,200.28
ivt,153,4827.2
iwalk,80,1477.03
jabra,85,5871.92
jack,13,7960.13
jackson,13,3964.33
jade,128,56327.37
jaguar,608,106025.24
jakkspacific,1,102.96
janome,2660,767556.09
jarko,1,19.59
jasic,15,8207.44
jasmine,27,1056.85
jata,9,676.44
jawbone,7,879.58
jazwares,2,27.74
jb,12,99.6
jbl,3454,292566.16
jeep,9,1712.01
jeepwrangler,1,126.13
jet,275,8686.43
jetair,19,3769.9
jetem,19,6671.48
jetpik,59,9543.1
jiaxingharleybabycar,8,1619.62
jigott,4,19
jika,7,946.78
jinga,248,9290.51
jinjianfeng,7,243.25
jinyu,5,1264.51
jio,1,37.58
jjrc,3,130.5
jkexer,17,15187.92
joby,4,78.16
jocelyn,1,3.77
jockey,51,4740.42
joe,3,597.69
joerex,32,561.22
joie,686,113127.96
jonnesway,143,42676.73
jordan,546,75012.48
joyor,24,14069.36
joyroad,99,4079.62
joyroom,35,440.93
jrc,3,105.53
juki,11,6530.15
jumper,24,44479.92
junama,7,4787.78
junglefieldtroop,1,45.82
jupiter,7,10716.13
jura,79,133572.52
juventa,3,544.26
jvc,1255,99741.12
k.k.y.,16,249.42
kabrita,53,1425.71
kacper,6,952
kaemingk,9,4825.07
kaierda,1,305.35
kainar,26,1827.03
kaisavilla,1,95.17
kaiser,62,29260.41
kakadu,1,12.25
kala,1,51.22
kaleos,1,320.47
kambrook,3,93.64
kampfer,13,1039.91
kapika,15,712.14
kaplanser,5,507.1
kapous,12,67.29
kapousprofessional,8,24.72
kapsen,1043,53210.5
karaja,33,649.93
karapuz,2,72.02
karat,368,13419.49
karavaevskaauf,1,299.88
karcher,2657,693469.26
kari,23,136.85
karmen,50,15240.91
kartal,358,88392.58
karya,1192,71687.19
kastamonu,16,248.15
kativa,45,630.6
katun,1,86.83
kawai,21,23174.83
keddo,65,3332.65
keenetic,1,63.25
keenway,51,1282.52
keeway,2,2928.78
kef,24,35547.05
kehan,1,92.04
kelet,2,2243.21
kelli,86,3159.3
kelly,6,2259.39
ken,13,1576.73
keneksi,13,190.29
kenwood,1991,388239.58
kenzo,82,5598.57
kerasys,18,94.78
keter,61,8533.62
kettler,34,37034.6
keune,33,834.72
khw,4,429.77
kicker,3,440.17
kicx,1069,66561.05
kiddy,3,578.34
kidkraft,1,682.13
kiepe,7,327.5
king,229,30687.19
kingmax,14,419.07
kingmeda,1,11.71
kingslong,4,158.3
kingsong,20,32297.62
kingston,1503,82947.52
kingtul,113,6710.94
kink,30,10636
kinlee,7,477.47
kipardo,813,294991.36
kipocket,18,226.98
kirkland,22,620.12
kirovit,2,121.51
kisswill,26,40.35
kitchenaid,212,156144.48
kitfort,1147,120007.44
kiturami,81,53229.31
kivi,1611,399666.19
klima,113,14747.65
klorane,15,120.27
klx,5,38.5
kmk,20,4594.25
knauf,20,91.26
kodi,1,3.26
koffer,14,4605.91
kogaz,7,3806.74
kolibri,101,73416.88
kolner,503,24706.35
kolo,12,2445.41
komfort-s,276,74662.8
kona,2,1503.25
konlega,37,9825.05
konov,5,900.9
kontinent,7,276.86
koopman,82,3766.7
korda,1,26.13
korg,48,47243.51
korin,2,218.02
kormoran,224,14372.14
korting,28,9234.61
kosadaka,6,55.74
koss,27,816.7
kovea,27,1607.75
kovi,5,3520.34
kovroff,43,248.97
k-power,3,3312.78
kraftform,1,108.6
kraftool,18,2378.64
kranzle,14,16687.37
krasatoys,7,433.49
krause,32,3706.8
kress,9,848.55
kristal,92,25589.65
krk,15,10031.7
kromax,3,42.14
kronasteel,30,4512.36
kronopol,4,82.4
kronospan,90,1359.85
kronostar,4,53.96
kronwerk,10,2357.43
krosno,5,45.08
krups,26,12093.53
kubanfarfor,8,408.71
kugoo,312,158685.15
kukmara,255,9726.41
kumho,116,8421.76
kumtel,8,451.3
kunlun,2,581.74
kuppersberg,41,37885.43
kuppersbusch,27,41379.76
kurzweil,156,166726.76
kuttenkeuler,41,1191.6
kx,48,1454.58
kyocera,2,615.84
labo,5,604.54
lacoste,183,9991.12
ladida,38,1262.17
la-di-da,11,475.2
lador,4,49.24
lahn,7,321.68
lalique,23,1649.6
lamborghini,3,579.09
lanard,11,192.28
lancome,41,4492.69
lanvigator,1,149.3
lanvin,526,23210.14
larktale,3,1208.53
laroche-posay,1,18.28
lassa,3,185.34
laston,344,35490.67
laudio,11,1909.99
laufen,22,17746.97
laurastar,20,34517.74
lava,2,273.45
lcf,16,237.74
leadbros,148,32895.21
leader,33,3393.81
leaderkids,2,92.66
leagoo,10,1499.92
lealelo,1,52.77
leatherman,106,20572.83
leco,11,1185.73
leeco,21,7615.28
leem,68,51245.01
lefard,17,406.87
legeartis,31,13861.46
lego,937,75532.65
legre,85,7830.67
leica,27,22608.89
leicos,2,7.98
leiya,4,26.76
lemark,76,9481.67
lenovo,8409,4494133.02
lenso,6,6023.34
leo,55,7222.18
lepota,2,45.1
leven,1,13.26
levenhuk,157,25178.9
levrana,5,36.92
lexand,1,23.14
lexmark,46,3397.79
lezard,16,220.84
lg,13953,6281564.2
libero,3,797.17
liberty,3,1879.06
lider,1241,504589.35
lidonet,74,2222.31
liebherr,10,10353
lifedeco,4,1413.06
lifetrons,2,27.73
light,9,1003.69
lina,6,216.24
line,18,946.05
lioele,1,12.9
lirene,47,259.47
listvig,28,3382.39
lite-on,10,419.95
liv,12,3590.3
llarri,2,295.77
llorens,441,21085.23
loctek,3,152.92
logitech,410,38668.05
lol,3,74.13
lom,4,116.18
lombok,1,15.89
lonex,27,5241.33
longines,163,269762.39
longstyle,13,2978.17
longway,170,19102.67
lord,2,9.14
loreal,8,46.97
lorelli,918,72724.26
lorelli-bertoni,183,14002.99
lorus,76,6084.8
lotos,1,200.61
lovular,5,98.56
ls,1,262.04
luazon,1,24.64
lubereckiekovry,3,84.27
lubimyjdom,5,1201.98
lucente,16005,4083570.42
lumene,72,935.9
luminarc,1774,135114.67
lumion,2,55.08
lumme,59,1132.63
lunecase,3,138.59
lunkerhunt,1,11.3
luris,26,1109.77
lutian,17,18305.29
lux,699,77088.05
luxell,94,7717.82
luxvisage,64,220.25
lysvenskieemali,1,56.67
maak,3,230.63
machaon,69,2298.55
machete,31,1402.83
mackie,1,540.55
maclaren,10,3323.86
mad,28,1482.71
madcat,8,370.61
madina,2,90.1
maestro,33,1270.07
magellan,31,611.44
magformers,7,430.51
magic,3,73.02
magma,3,368.07
magnetta,714,191544.81
maidou,3,146.64
maisonfranciskurkdjian,5,2561.2
maisto,34,1060.94
mak,23,20122.5
makarena,3,693.57
makeblock,15,6802.86
makita,1244,380817.02
malamalama,1,8.6
malushen,32,2710.08
malva,2,4.38
mamadoma,41,4340.42
maman,8,578.05
mammie,1,57.63
mammut,50,1612.8
mamut,2,35.52
mancera,31,4515.17
manfrotto,45,18390.11
manhattan,8,130.1
mantra,56,6636.41
manuoki,18,245.22
maomaoku,210,71381.75
mapei,1,4.45
mapex,36,34972.49
marcomen,313,26444.51
markbass,5,3661.62
marley,17,1106.42
marmiton,7,48.74
mars,11,1286.22
marshal,100,6033.51
marshall,417,62236.4
mart,343,42636.85
marta,43,1035.14
martinez,1,157.02
marusa,1,94.93
marvel,1,12.55
masei,81,24999.03
masi,8,4629.2
masstone,2,27.8
master,36,3458.88
mastercraft,1,123.56
masterfish,2,179.24
masteryard,11,6409.45
mastrad,7,586.51
matador,1736,97897.32
matebo,1,23.47
mateus,15,3475.05
matrix,685,58473.48
matrol,60,7172.6
mattel,134,3565.21
m-audio,153,23336.15
maunfeld,120,19591.52
max,23,1327.65
maxfactor,1,4.79
maxi,4,122.52
maxi-cosi,33,7657.72
maxima,24,694.3
maxion,3,1056.04
maxler,165,4105.47
maxtrek,187,12754.22
maxvi,249,3621.81
maxwell,1345,40308.57
maxxis,1128,100387.53
maysternya,1,35.91
maysun,5,482.77
maytoni,2,142.36
mazzini,82,3824.27
mbs,27,4466.47
mc,1,48.78
mccan,2,643.46
mcculloch,1,253.11
mdv,3,540.48
meade,36,27753.32
measy,14,1801.8
mebberi,6,5431.12
mebbery.kz,3,1405.29
mebberykz,12,7721.88
mebelazii,8,562
mebelev,13,6190.6
mebelgrad,9,439.92
mebels,10,1215
mebelson,145,27961.22
mebelswow-rn,69,6972.3
meccano,1,71.3
mecta,2,87.52
medalist,9,852.15
medela,18,2177.64
medeli,40,19712.19
mediheal,2,4.12
mefferts,2,13.84
mefro,13,847.9
megasaurs,1,5.41
meguin,8,105.08
meike,1,79.12
meinl,14,1305.02
meizu,3866,626054.43
mekkan,11,693.27
melidadi,1,16.14
melitta,53,28662.68
memo,7,2391.87
mentor,1,28.29
merach,1,592.04
mercedes,51,11883.5
mercury,159,289671.5
mercusys,7,116.23
merelani,475,48460.54
merida,2,1160.9
merkurij,2,410.07
merries,75,1271.73
merry,1,39.03
merrylock,1,498.31
mersco,9,741.33
merzuka,6,201.97
metabo,254,142137.17
method,7,10038.86
metoo,1,27.69
metrot,9,388.21
metsui,25,1240.74
mexx,20,400.29
mibb,21,10300.9
mica,1,35.78
micallef,1,135.86
michelin,1383,164106.81
micio,14,1397.01
micmax,29,687.25
micro,8,411.84
microfire,4,1003.78
microlab,700,41193.94
micromax,15,1236.74
micron,3,472.85
microsoft,572,271431.67
micuna,15,6054.88
midea,3265,595483.08
mido,27,28026.45
midzumi,1,137.25
miele,13,4135.72
miescarpe,2,20.08
mifold,4,246.08
miif,1,5.65
mikrotik,8,433.43
milano,17,5407.81
milat,36,5074.11
milavitsa,1071,23978.18
milight,6,43.91
millet,6,755.22
millionaire,105,8416.77
milwaukee,121,72742.66
mima,57,28924.26
minecraft,6,35.52
minelab,28,30682.88
minerva,34,2570.78
minimen,14,591.25
minimotors,17,27701.33
mio,48,6276.79
miolla,1,12.15
miracase,5,113.13
miracle,1,7.7
miraculous,8,156.72
mirage,96,6451.84
miromax,3,65.25
misfit,6,1544.28
missha,130,3134.4
misty,19,3124.93
mitasu,58,1566.79
mitre,18,810.9
mitte,5,113.15
mjx,8,3789.3
mltl,217,7186.96
mobil,209,6526.96
modern,26,2286.34
moldabela,303,46544.53
moliabal,37,1079.14
molten,2,282.12
momentum,20,2721.31
momert,18,1161.18
monchhichi,1,39.13
mongoose,1,202.06
monkey,1,41.19
monro,6,153.73
monsher,1,167.63
monster,6,310.26
montale,731,72154.46
montblanc,102,7410.15
moon,30,16115.65
moony,31,570.14
moonybaby,19,2238.58
moose,5,188.76
moov,30,1542.3
mora,25,2097.8
morel,105,10899.68
moroshka,2,10.3
moschino,189,10004.06
mosconi,10,6034.92
moser,78,6969.84
motivyotdyha,3,1081.8
motorguide,60,17856.77
motorola,67,8096.44
motul,69,2419.09
moulinex,1149,147542.16
moxom,14,375.5
mrm-power,2,389.38
msi,943,749282.72
mstar,3,50.22
muqaba,4,23.06
muqajankz,134,5400.33
murager,45,4504.53
musclepharm,6,323.56
muscletech,16,762.55
mustela,7,149.69
mutant,197,8195.85
mutlu,70,8178.76
mutsy,1,0.9
mw-light,3,115.83
mydean,53,10463.67
mykita,1,717.91
mykronoz,130,12628.43
myprotein,12,449.14
mystar,18,16216.2
mystery,177,15995.86
mz,36,1848.61
nacon,7,810.81
nadoba,8,965.83
nakamichi,243,18619.58
namazu,6,99.54
nanga,2,52.25
nania,91,6077.65
naomi,2,272.8
napoleon,1,364.29
naranda,5,527.69
nasomatto,66,12338.74
nathan,2,256.9
native,68,9800.16
natrol,27,317.51
naturehike,76,6492.77
navien,511,332610.12
navitel,394,37527.11
neff,1,939.13
nella,1,27.35
neman,3,4937.58
neo,252,136910.8
neoclassic,1,2.21
neocoregames,1,27.49
neoline,1332,222511.31
neposeda,16,403.68
neptun,1,17.22
nereus,2,147.76
nerf,8,576.84
nero,6,171.12
nestogen,59,445.32
netechnics,558,457962.85
netgear,3,292.37
neumann,2,1206.76
nexen,643,44091.96
nexpero,1563,118511.26
next,44,2929.96
nexttab,121,6804.2
nici,3,11.58
niio,31,1240.58
nika,781,37664.27
nike,2652,270917.98
nikon,628,386931.83
nikotex,82,6714.38
nillkin,86,647.93
ninebot,47,23042.54
ningbo,1,40.4
nintendo,324,86357.87
nioxin,12,535.46
nishane,2,453.2
nissan,9,3776.13
nitecore,55,4793.07
nitro,190,53527.1
nitto,136,11212.76
nivea,48,194.66
nixx,5,593.32
nobby,45,890.52
noctua,1,55.59
nodor,4,3099.71
nokia,4366,509640.26
nokian,4617,373986.7
noktamakro,20,10587.18
nomad,4,236.72
nomi,1,105.28
noppies,129,6852.28
nord,13,610.35
norfin,82,16572.28
nortec,17,1251.86
note,36,354.65
novatrack,13,2007.04
novigo,30,19392.22
novline,64,1800.9
now,19,385.75
nowodvorski,1,33.46
nowystyl,1,175.53
nubia,48,7153.12
nuforce,2,176.92
nuk,1,56.89
numark,2,37.06
nuna,32,7963.91
nutrex,80,2323.41
nutribullet,26,1493.01
nutricia,52,364.81
nutrilak,4,18.84
nutrilon,152,1923.17
nux,3,1070.82
nuxe,26,436.08
nvidia,5,514.7
nyce,9,379.66
nz,39,7698.52
nzxt,19,2981.31
oase,3,311.62
oasis,1193,46532.01
obi,69,26006.21
obsessive,14,284.76
ocz,2,120.2
okuma,115,4903.95
olimp,3,45.96
olivella,7,93.85
olmeko,28,7868.24
olmio,269,10665.02
ol-tex,3,137.48
olto,97,7352.07
olympus,25,6849.45
omabelle,2822,3944781.11
ombra,74,17531.05
omnimount,4,710.34
omnio,2,489.08
omoikiri,17,4220.53
omron,1398,89045.45
on,12,863.82
oneplus,1599,1065065.66
onhillsport,2,139
onkron,39,1153.37
onlitop,207,33136.54
ooba,3,62.31
opadiris,10,4096
opple,1,86.72
oppo,11946,3676236.35
optima,48,7296.51
optimus,5,575.31
optoma,38,36265.33
oral-b,159,5485.08
orange,76,968.13
orico,28,509.93
orient,1057,165918.65
origami,2,8.65
origins,48,2437.51
orion,2,395.6
oris,76,138922.57
orium,15,4688.39
orivel,1,119.77
orla,12,8395.36
ortega,24,2083.69
orto-bed,4,1270.05
os,3,112.92
osann,11,1728.48
osprey,1,118.15
ostamebel,116,92416.47
oster,6,803.91
otan,70,46255.89
otani,3,824.53
otex,20,5398.43
oukitel,8,823.52
oursson,137,13579.44
outwell,60,3471.29
ovation,139,10522.82
ovk,3,58.68
owner,3,32.04
ozkaplan,1,22.55
p.i.t.,306,31080.29
pablosky,224,14278.74
packing,1,74.61
pajak,4,2891.72
palisad,16,399.45
palit,424,121592.58
palmers,34,304.08
pampers,86,754.28
panasonic,2477,413640.75
pandect,23,7378.22
pandora,724,243371.8
pangao,29,2866.88
panouge,16,1734.92
papilla,1,18.23
parkcity,22,2378.42
parklon,9,1364.04
parkmaster,213,15839.75
parkwood,1,149.3
parrot,20,5052.54
partner,260,29811.67
pasabahce,152,1045.18
patrino,7,672.19
patriot,45,3471.93
pawpatrol,1,31.92
payot,17,628.4
pccooler,13,185.9
pdw,32,13452.58
peak,51,4518.8
peavey,104,62011.17
peda,1169,1933710.88
pedrollo,57,35980.84
peg-perego,154,32456.65
penn,1,86.75
pensofal,9,1058.79
peppapig,1,16.06
pequetren,4,275.31
perilla,544,19893.87
perina,36,2800.43
permanence,9,7570.11
persona,243,75564.56
peruzzo,33,8597.58
pervenec,1,56.11
petek,339,26085.04
peterhof,113,7463.61
petitfee,2,27.1
petro-canada,18,297.67
phantom,166,2603.82
philippus,1,33.9
philips,7009,1131326.4
phillips,34,5119.04
phoenix,681,118415.81
piatnik,14,254.86
picard,314,25559.11
pikate,51,4923.03
pinarello,2,4735.78
pinghudakebabycarrier,1,385.85
pinskdrev,23,4039.36
pinti,3,8.62
pintinox,22,1066.7
pinus,5,1489.78
pioneer,4580,581811.17
pirelli,776,79179.49
pisen,9,154.36
pituso,302,29004.93
planet,5,200.03
plano,33,3200.83
plantex,6,121.24
plantronics,414,19821.09
playgro,26,427.97
playlab,4,83.79
playmates,3,105.51
playme,253,36982.58
playmobil,1,85.46
playway,1,54.03
plextor,17,1327.27
plitex,106,4594.97
pnb,34,188.47
pny,28,10790.93
pocketbook,492,76970.83
polar,70,25743.01
polaris,4966,225467.23
polaroid,40,2425.88
polarring,3,69.48
polese,3,104.89
poli,6,92.29
police,1,177.35
polini,381,65476.32
polo,13,223.83
polti,20,3939.52
poopsie,15,1159.54
popurri,3,54.33
porsche,29,4105.53
portcase,49,469.68
powcan,29,8455.88
powercolor,69,14207.58
powerplant,125,12268.13
powertec,48,72484.59
powertrac,553,23216.48
pozis,245,69932.07
pqi,1,30.87
prada,59,8453.8
prc,14,45.81
preciosa,22,19468.7
presonus,1,110.68
prestige,13,3612.71
prestigio,1284,83658.59
pride,672,115802.97
privia,1,5.15
progress,7,1420.92
pro-karaoke,29,6357.65
prolike,33,1535.82
prologic,243,21616.71
prology,38,1484.14
promountain,7,1441.3
promozer,15,293.45
prosperplast,3,115.07
protherm,6,3632
provence,3,13.56
provoc,1,11.58
proxxon,11,999.17
psyonix,1,54.03
pt-group,828,155610.85
puckator,33,645.82
pulser,1940,1352620.33
puma,498,44691.33
pupa,249,3941.52
purederm,40,88.7
pyrex,66,819.77
qazaqkhan,3,154.05
qazprotein,13,223.58
qcyber,5,275.93
qiangchi,44,6361.01
qmax,117,12201.08
qnap,9,12542.35
qnt,11,87.89
qplay,1,180.16
quatro,11,2306.38
quechua,4,71.96
quinny,22,11617.13
qvs,11,46.45
racer,335,196248.13
radaway,112,75069.12
radiant,1,14.41
rado,134,277381.56
ragolle,4,177.08
rainbo,22,1909.4
rals,730,390239.85
ramili,17,860.46
ramilibaby,1,211.05
rant,244,21641.23
rapala,10,781.24
rapid,84,1223.53
rapoo,101,3172.79
rare,2,51.42
rasch,6,71.97
rastar,369,16084.21
ravak,4,2027.84
raveltex,4,829.88
ray-ban,67,14767.02
razer,163,16458.04
rcf,9,3846.88
rcr,25,2038.41
rebellion,8,266.89
rebus,179,30867.81
recaro,4,2084.98
redblu,2,342.3
redbo,91,38897.93
redford,74,15943.9
redken,1,21.08
redline,4,272.35
redmond,6951,545687.41
redragon,163,4058.29
reebok,588,66278.5
regatta,13,212.08
regent,12,1089.52
relouis,22,60.54
reluce,22,336.65
remain,57,13658.52
remax,187,3317.69
remer,2,135.54
remington,829,52834.33
remix,31,2355.07
remo,3,919.2
remonte,72,4607.18
renberg,4,83.32
renegade,10,11712
renova,101,8372.36
repetto,2,66.99
resanta,29,6328.13
respect,6599,522035.2
restar,1,52.26
revlon,5,57.5
rextor,14,749.28
rezult,27,433.36
rheinberger,13,503.75
rial,234,88878.82
ricco,5,59.34
riche,3,81.85
ricoh,20,3029.31
ride,36,9746.45
ridian,6,177.6
rieker,1692,140241.28
riga,128,44007.07
rika,7,931.03
riken,7,153.16
riko,32,10670.97
rimax,99,32999.16
rimmellondon,4,15.48
rinnai,227,182214.37
rise,3,57.37
ritmix,1214,22970.09
rivacase,77,1988.86
rivakoch,1,28.29
rivalli,23,13367.94
rivertoys,314,56539.93
riviera,75,37250.91
rline,1,10.94
roadcruza,14,1425.26
roadstone,305,20149.09
roadx,662,29881.59
roamer,23,8220.3
robens,2,169.63
robobloq,1,973
roborock,9,4353.03
robotime,1,37.97
robotis,4,4427.4
roca,31,8452.03
rochas,10,460.12
rock,7,83.06
rockdale,19,2054.09
rockforce,69,5998.8
rockstargames,3,195.08
rode,5,849.46
rodi,3,125.79
roeyuta,1,151.42
roingto,9,2170.96
rokids,15,1954.14
roland,96,84647.98
romack,24,7670.76
romana,142,28551.39
romanson,137,17575.27
romax,23,3496.89
rombica,112,4352.12
romer,4,417
ronas,16,637.1
roncato,190,33560.06
rondell,1469,74340.44
rooman,452,22050.57
rosa,102,6101.76
rosato,7,1151.38
rosetta,48,6277.39
rossignol,3,460.23
rossinka,43,1595.1
rowenta,2072,114025.97
roxy,18,147.82
royal,29,789.26
royalblack,6,234.1
royallondon,1,206.18
rozenbal,33,394.28
rubelli,7,102.48
rubiks,11,215.76
rubineta,48,2042.53
rucelf,23,2493.55
ruike,2,123.04
ruixinlang,2,91.99
runwin,1,110.66
rush,113,20479.4
russia,3,4599.08
rw,11,778.4
ryobi,189,30463.69
s.a.n.,60,2082.47
sabi,3,41.7
sachiko,2,27.93
sacvoyage,7,514.72
saferich,73,4245.22
sailun,190,13870.91
saipo,2,60.98
sakura,31,647.53
salamander,1115,109943.26
salewa,15,2556.82
salmo,36,446.73
salomon,12,3675.24
samo,12,166.48
samson,37,32417.98
samsonite,12,2184.35
samsung,131019,43430191.03
san,5,297.92
sandisk,56,1687.47
sanita,54,3845.99
sanjia,1,25.71
santek,53,4525.41
santeri,92,5253.26
sapphire,56,14491.23
sariel,14,93.3
sasta,4,200.78
satura,20,5291.25
saturn,1140,38411.87
sava,301,24340.72
sbs,1,17.99
sbw,3,3899.72
scarlett,2875,111778.18
schecter,6,2336.12
scher-khan,64,4612.48
schneider,30,30996.96
schreuders,31,3201.85
schwinn,10,4355.34
scierra,43,5788.89
scinic,2,50.14
scivation,6,209.78
scool,5,807.76
scoole,51,1587.89
scooter,12,491.34
scott,36,47331.11
scovo,84,2294.44
scruff-a-luvs,2,63.28
sdt,5,639.4
seagate,200,22172.23
seed,3,949.31
sega,102,3993.18
segotep,9,270.4
segway,69,35578.97
seiko,136,83182.65
seintex,6,153.44
selby,191,7676.79
selective,22,928.06
seletti,5,309.14
senci,27,45220.03
sencor,2,280.52
sennheiser,119,11943.04
serebro,28,146.34
sevenfriday,2,3081.16
shagovita,370,23872.41
shaik,15,4184.85
shakira,18,319.34
shangpree,1,11.07
sharking,5,3446.94
sheba,9,1297.33
sheffilton,7,158.53
shell,301,7212.05
shengyuan,1,47.62
shenma,54,3058.02
sheyk,3,141.58
shimano,223,57294.16
shindo,8,666.5
ship,13,108.39
shiseido,96,6562.23
shivaki,676,108074.09
shogun,13,8700.38
shoiberg,14,840.16
sho-me,1139,155488.53
shopkins,3,78.74
shua,33,60028.56
shure,95,57618.13
sibrteh,3,605.54
siee,3,257.33
siemens,4,4095.96
siger,65,5342.31
sigma,42,2816.65
signal,15,2416.65
signature,1,89.96
silampos,5,218.95
silhouette,11,4427.41
silva,52,20817.06
silverlit,682,15570.98
silverstone,5,497.9
sima-land,19,601.16
simax,1,13.62
simba,36,1269.76
simfer,45,8979.82
similac,31,395.79
simpleparenting,20,7670.77
sinbo,21,434.95
singer,32,6765
sinotex,41,3001.87
sinusprofi,5,2023.98
sirius,33,433.29
sis,22,288.71
sisley,4,584.92
sitparad,5,267.57
sjcam,165,17561.08
skad,2337,534629.11
skagen,55,10306.55
skandika,2,504.52
skechers,1,36.04
skil,2,200.78
skullcandy,2,176.27
skylor,21,1668.06
skytech,32,822.72
skyworth,23,15003.75
slaro,1,554.58
slider,6,715.45
sly,78,3118.52
smalvic,1,370.57
smart,222,204282.64
smartbuy,18,124.05
smartrike,56,7319.93
smarttrike,1,63.06
smashbox,117,4699.8
smeg,688,620086.6
smiger,13,1549.54
smile,252,10673.61
smoby,24,11465.93
sms,33,339.57
smtt,1,10.14
snowcap,79,3005.48
softoy,7,88.51
s-oil,21,338.76
sokolov,2513,340665.6
solaris,24,746.76
solarstorm,3,140.54
solite,43,3570.27
solomon,67,17877.79
solostyle,3,188.43
sonar,1,18.02
sonda,8,204.63
sonel,174,17703.67
sonny,1,56.63
sony,11226,4738513.33
sonyinteractiveentertainment,18,1204.2
sospiro,7,2174.56
soundking,14,6057.01
soundstream,10,750.33
soyntec,8,51.76
spalding,5,217.37
spaquatoria,31,888.55
sparta,335,7284.93
specialized,12,13899.99
speroni,2,248.1
spider-man,1,22.27
spiegelau,12,576.29
spinmaster,5,695
sportbaby,21,6887.93
sportop,17,21184.59
spur,85,2429.82
squier,66,15095.95
ssm,2,790.24
stabila,2,743.78
stagg,149,18202.15
stahlberg,1,86.85
stalker,15,4666.73
standard,1,113.95
standart,2,179.02
stanley,863,53574.22
stark,51,30807.13
starline,3200,497907.63
starmix,7,838.04
startul,242,19514.47
stavr,1,37.97
stayer,133,4140.46
stealth,3,191.52
steba,4,483.84
steelflex,49,59520.39
steelseries,182,14129.04
steger,1,90.09
stellar,2,6.66
stels,5757,521077.97
stelz,1,21.19
stendmebel,320,62170.63
steppuzzle,6,214.68
stern,4,86.4
sterntaler,10,263.32
sti,3,116.43
stiga,41,5747.41
stihl,490,182354.48
stikbot,5,142.59
stilvasejspalni,1,28.55
stinger,30,2439.34
stinol,2,549
stl,4,105.03
stockli,3,3705.9
stokke,25,9690.47
stolplit,67,33323.01
stonelock,6,926.64
storm,4,646.59
strobbs,973,45908.6
strunal,1,268.7
stryj,1,74.62
studio,2,7.44
studiomaster,6,5045.16
studioprofessional,2,3.04
stuntcar,1,24.97
suave,48,4578.79
subini,105,10867.94
sufix,4,40.68
sulu,101,6460.74
sumdex,129,5546.13
sumitomo,1,69.5
sunbody,18,1088.82
suncolor,2,57.23
sunfull,25,1351.5
sunmi,13,2677.09
sunsuki,17,20129.19
sunsystem,5,1997.76
sunwide,74,4203.9
superlux,3,157.79
supermicro,2,133.74
suunto,85,35545.52
suzuki,1,101.68
sv,4317,1229303.32
svar,2,689.62
svc,244,11467.18
sven,945,41426.72
swat,339,28536.33
swatch,98,9699.09
sweety,26,277.01
swisshome,247,26836.7
swissline,14,1133.04
syma,213,20089.63
synology,5,1585.89
syntrax,23,893.36
tactic,4,49.78
tacx,46,25471.68
tailg,1,566.27
takamine,26,40296.19
takeit,12,217.04
tako,8,4800.64
taller,28,546.37
tamaris,295,22874.39
tamish,20,215.29
tanglewood,6,1156.54
targus,2,49.78
tarkett,367,2921.34
tarlan,4,3456.8
tascam,2,797.96
taxi,4,270.81
tch,33,1872.44
tcl,938,266514.08
tdm,6,103.34
tec,43,10268.88
tech-line,60,16499.95
technogym,13,4031.95
technomax,59,18631.81
tecno,167,17242.13
tefal,4821,548788.87
tega,37,413.95
teka,33,15447.67
teknetics,10,3372.44
teknum,26,1734.88
telefunken,22,537.9
telwin,9,10249.02
temp,6,561.39
tempish,17,785.88
tenda,49,1690.39
teorema,3,1353.09
teosa,245,11194.27
teplokryma,1,44.93
teploross,152,38895.49
terra,36,4512
terris,62,1913.23
teslastyle,1,142.51
tesler,8,562.89
tesoro,99,5212.82
texet,940,24221.77
textura,9,886.39
teyko,1,91.94
thermaltake,250,36537.78
thermex,316,34091.59
thomas,865,289760.57
thor,2,269.22
thorvik,17,1286.56
thrustmaster,66,24805.1
thule,312,113826
tigar,606,40989.66
tima,22,459.45
timbergroup,1,61.39
timberk,423,23810.34
timson,34,524.28
tisa,3,92.67
tissot,874,677881.23
titan,77,6862.82
tizo,4,47.04
t-max,199,88635.8
tmnt,7,277.38
tobot,7,399.57
tognana,40,1304.61
tokler,7,583.53
tomahawk,315,28212.34
tomfarr,537,86317.92
tomoloo,1,371.73
tonar,3,115.32
tonybellucci,1,25.74
toocool,3,86.76
tools,8,74.42
topex,6,215.9
topface,49,174.25
topicrem,14,212.86
torgue,4,1426.04
torneo,1,514.79
toro,203,2694.82
torrent,237,23270.96
torres,6,204.57
torso,1,27.16
toshiba,477,132125.55
totaku,1,20.05
total,514,17464.75
touchbeauty,49,7452.12
tous,5,250.48
toway,11,2882.44
toyland,6,1182.77
toyo,457,40716.04
toyota,211,28897.25
toysmax,5,287.23
tp-link,1423,87817.97
tpmaster,4,82.36
tracker,3,71.82
transcend,957,57271.36
transformers,2,41.14
traser,15,8345.67
travelite,24,2420.91
travellight,12,683.67
trazano,1,44.53
trebl,695,52967.34
trefl,6,80.43
trek,61,34783.37
trendbeauty,2,15.96
trendvision,4,586.03
trendy,2,221.36
trespass,8,38.08
t-rex,31,1843.68
triangle,5213,258867.28
trianglegroup,2,152.9
trinx,96,16982.53
tristar,210,6328.34
triton,140,41316.91
triumphtree,1,71.96
trollbeads,324,43608.16
troyka,43,502.93
trussardi,45,2781.44
trust,343,18658.63
tsubaki,19,197.34
tuarex,2,105.46
tucano,16,608.31
tuffoni,39,3133.95
tuka,77,1691.13
tuncmatik,1,34.42
tundra,30,1545.55
tunga,1435,50140.27
turbo,254,16957.66
turboair,241,12164.34
turbosound,3,2636.62
tutis,62,25166.75
tutti,23,785.03
tutu,4,18.52
tvs,1,10.29
tv-shop,14,356.72
twins,23,158.06
ty,28,168.84
tyr,1,77.22
tyrex,52,12518.4
tytan,2,6.18
ubiquiti,3,467.84
ubisoft,139,4744.93
ugreen,23,367.2
ultraflash,23,272.17
ultravit,2,25.48
umi,84,49311.27
uniforce,5,82.35
unikum,1,128.7
unilux,195,112989
unison,2,47.36
unit,233,8051.68
uno,85,52778.46
uomo,4,720.64
upright,11,343.93
uragan,22,855.14
urbanears,4,407.33
urgaz,2,357.92
usams,192,9259.85
usborne,1,10.79
uvelirnyetradicii,1,32.43
vako,18,1592.85
valentino,9,722.38
value,4,2471
vans,29,2437.9
vard,1,669.26
vardoven,2,1132.6
varta,325,36025.81
vasin,3,1212.3
vaude,4,771.2
v-color,1,85.59
vectron,35,11857.42
vega,1216,35034.99
vegas,935,243848.46
veho,128,3428.02
venta,14,6987.53
ventara,12,2739.14
venti,7,1523.87
ventura,2,39.88
verbatim,22,897.39
verdi,6,2610.12
veritas,23,3554.34
verloni,104,5677.77
verossa,13,521.22
verran,2,61.78
versace,683,235949.22
versus,8,2334.26
vertex,22,1892.28
ves,10,193.1
vestel,77,25710.71
veston,122,4740.74
viatti,2319,109894.71
vibe,11,912.21
vichy,154,3800.94
victorinox,42,1933.66
viessmann,11,9210.98
viewsonic,56,27559.75
vihr,110,4280.22
viking,58,36304.67
vim-art,1,2.75
vinzer,136,10833.86
vionne,1,3.84
vip,2,30.74
vipe,28,581.98
vira,1,52.64
vissol,2,1791.56
vitaluce,18,516.53
vitebskiekovry,27,2345.34
vitek,5773,263702.2
vitesse,1,22.39
vitra,6,1024.61
viviennesabo,2,5.23
vivitek,18,29012.88
vivo,2761,730307.3
vladi,74,2577.86
vladitoys,1,9.24
vmv,7,974.94
vobix,5,617.64
vokter,1,37.75
vokul,2,164.22
volcano,5,2074.26
volkl,7,1882.78
volta,172,7793.61
voltman,153,12584.82
voltmaster,7,488.16
vortex,3,50.61
vossen,33,13153.47
vox,2,357.8
vt,2,81.29
v-t,2,40.3
vtech,16,1026.28
vulli,16,531.42
v-unic,1,218.77
wacom,170,50930.73
wagner,48,19077.23
wahl,28,2607.34
walfix,51,653.76
wallberry,86,1006.33
wangfeng,5,200.67
waspo,28,1153.32
waterpik,21,3469.78
weekend,277,211619.12
wehncke,10,2452.82
weichao,1,52.98
weider,3,38.61
weifeng,43,719.39
weina,1,29.28
wella,2,56.62
wellberg,109,2572.26
welly,322,2696
welss,78,4518.09
wenge,106,2726.96
wengemotion,1,23.09
wenyi,1,10.71
wera,171,29751.31
werner,1,9.71
wert,10,1284.29
wess,12,142.72
westa,44,3915.21
wester,1,25.71
westmark,1,10.26
westone,1,167.29
wethepeople,48,19120.71
whirlpool,171,84682.31
whistler,19,839.71
willmark,468,12270.22
willmax,2,4.12
wilmax,1,4.17
wilo,9,2746.66
wilson,16,1040.5
winca,70,27421.53
wincars,12,704.42
wind,1,351.62
winda,2,179.75
wing,1,647.8
wingo,15,3011.7
wingoffly,559,64161.39
wintek,5,37.57
withings,8,1518.5
wize,1,157.63
wk,10,60.23
woddon,9,224.61
wolf,2,1864.68
wonderlab,30,351.28
wonlex,949,32377.29
work,1,54.12
wortex,33,1457.63
worth,1,174.1
worwo,1,30.73
wowwee,16,841.97
wsp,1,489.07
w-star,30,1826.59
wster,56,2033
wuben,4,216.68
wurth,18,583.18
wuw,29,332.29
ww,14,212
x-digital,3,71.23
xerox,121,17110.3
x-game,458,20398.7
xgimi,13,11318.76
xiaomi,76212,15261480.12
xieming,2,108.06
xing,77,13822.07
xinyu,10,79.53
x-level,57,795.4
xp-pen,71,19432.76
x-race,21,5148.64
xxr,41,41219.14
yacco,88,12284.83
yamaguchi,23,3651.7
yamaha,936,429582.89
yamato,45,13248.4
yardforce,2,1311.48
yasham,1,16.09
yasin,1097,258987.29
yato,124,7715.22
yegam,5,15.79
yema,136,6616.4
yh,7,499.21
yika,11,534.15
yokatta,4,1455.38
yokohama,2881,245504.52
yota,2,69.5
yotrix,1,7.07
yoya,70,5834.9
yuandong,5,1766.45
yuka,2,278
yulu,2,32.44
yunteng,11,467.97
yusufhali,3,784.58
yvesrocher,4,23.74
zadoor,9,401.49
zalman,50,2660.46
zanussi,50,16627.74
zapco,5,1917.69
zara,7,1162.22
zarkoperfume,2,334.04
zebratoys,28,990.9
zeetex,28,1594.83
zegan,2,64.3
zelmer,119,6483.36
zemex,61,9723.02
zengen,13,732.81
zenmart,2,188.94
zeppelin,71,22348.98
zerten,7,1061.48
zeta,1851,130728.29
zfts,1,21.14
zhejiangjiajia,1,300.91
zic,33,605.22
zilli,1,1025.77
zilmer,9,262.79
zinc,11,233.81
zinvo,1,456.12
zlatek,265,12827.65
zmi,2,117.9
zolotoeruno,5,936.95
zongshen,8,2780.84
zoom,12,2007.72
zoops,1,19.43
zorg,10,2155.96
zotac,24,6294.55
zte,245,20990.79
zubr,48,4209.6
zuru,1,12.07
zyxel,8,1175.25
(blank),151262,29670714.33
Grand Total,1048575,304454734.3
